"distance","rule","param","bal_acc"
"MFCL","kNN",3,0.957888786334439
"SFCL","kNN",3,0.956789555050425
"MFCL","kFDA",8,0.936037889445498
"SFCL","kFDA",4,0.965005610532784
