"variable","mean_w","sd_w","zero_rate"
"V02",0.930896551289176,0.0603190782372346,0
"V01",0.26845705789505,0.117920025517331,0
"V03",0.167058874142344,0.127468209755625,0.17
