"grid_group","bal_acc","n"
"needs_grid",0.592094007554945,1600
"no_grid",0.784535626232742,2600
